,acc,buy,drt,pre,pv,rec,sell
0,0.4444444444444444,1,0.1,0.0,99689.17278465773,0.0,116
1,0.48717948717948717,79,0.9,0.5189873417721519,102049.63249291852,0.6507936507936508,38
2,0.5641025641025641,19,0.01,0.8421052631578947,103603.48660631604,0.25,98
